Username,Modul 1,Exam
student1,done (1), 0.19797524618790396
student2,done (0.5), 0.5496798548276437
student3,done (1), 0.9211279187605594
student4,done (1), 0.794421010530739
student5,done (1), 0.1991575960588582
student6,done (1), 0.7111221926979285
student7,done (0.5), 0.5205311987379098
student8,done (1), 0.3699475789233081
student9,done (0.5), 0.1859361332477335
student10,done (0), 0.6613198682706137
